Sr_No,Code,Beneficiary_Bank,Total_Txns,CB_Ratio_Pct,CB_Received,Representment_Raised,CB_Accepted
1,YES,YES BANK PHONEPE,42713700503,0.0000,8567,8236,331
2,YBS,YES BANK LIMITED YBS,33003190050,0.0000,12696,8929,3767
3,SBI,State Bank of India,19981770057,0.0010,16565,14372,2193
4,AXB,Axis Bank,16835120042,0.0010,14854,11815,3039
5,HDF,HDFC Bank,9633790062,0.0010,10608,6208,4400
6,YOM,YES BANK PTY,5702740498,0.0000,1567,757,810
7,BOB,Bank of Baroda,5347970010,0.0000,2076,1947,129
8,GTI,ICICI Bank LTD GTI,5016070270,0.0020,12216,7818,4398
9,UOB,Union Bank Of India,4903800424,0.0000,620,597,23
10,CNB,Canara Bank,4768650120,0.0010,4039,4016,23
11,PNB,Punjab National Bank,4558260819,0.0010,3893,3889,4
12,FBL,Federal Bank,4295810450,0.0000,2074,2041,33
13,KMB,Kotak Mahindra Bank,3836160567,0.0000,1426,1101,325
14,ARL,AIRTEL PAYMENTS BANK LIMITED,3548890316,0.0020,5474,3775,1699
15,APP,Phone Pe-APP,3342690458,0.0000,1609,1514,95
16,INB,Indian Bank,2949540545,0.0010,2193,1828,365
17,BOI,Bank Of India,2754970439,0.0000,995,971,24
18,IPB,INDIA POST PAYMENTS BANK LIMITED,2726470654,0.0010,1620,1615,5
19,YJU,YES BANK JUSPAY,2189960116,0.0010,1272,1069,203
20,ICI,ICICI Bank,1701540346,0.0000,636,357,279
21,IOB,Indian Overseas Bank,1571330345,0.0030,4990,4969,21
22,CBI,Central Bank of India,1336260456,0.0000,361,360,1
23,FIP,Fino Payments Bank Limited FIP,1225060129,0.0020,2436,1415,1021
24,UCO,UCO Bank,1186490027,0.0000,138,134,4
25,IDN,Indusind Bank IDN,1157450093,0.0010,1351,898,453
26,IDB,IDBI Bank,1085640194,0.0080,8785,8719,66
27,BOM,Bank of Maharashtra,1065220622,0.0050,5375,5375,0
28,AIR,Airtel Payments Bank Limited AIR,1057110124,0.0070,7369,2294,5075
29,KTB,Karnataka Bank,759110396,0.0030,2111,2107,4
30,IIB,Indusind Bank,742320437,0.0000,82,82,0
31,JKB,The Jammu & Kashmir Bank Limited,562050352,0.0060,3197,3145,52
32,MBK,ONE MOBIKWIK SYSTEMS LIMITED,552960566,0.0010,407,406,1
33,YMG,YES Bank MGS M,545110103,0.0240,12934,5038,7896
34,BDN,Bandhan Bank limited,527910688,0.0010,380,376,4
35,IDC,IDFC First Bank Ltd,500770877,0.0010,315,142,173
36,KVB,Karur Vysya Bank,483120326,0.0000,155,154,1
37,TOT,Tri O Tech Solutions Private Limited,475790435,0.0000,10,10,0
38,SIB,The South Indian Bank Limited,457060534,0.0000,157,108,49
39,USC,Unity Small Finance Bank Limited Acquirer,423310613,0.0000,119,116,3
40,RNB,RBL Bank Limited,422770267,0.0370,15520,12018,3502
41,TMB,Tamilnad Mercantile Bank Limited,407790303,0.0040,1831,1618,213
42,AUS,AU SMALL FINANCE BANK,374230497,0.0000,154,140,14
43,CUB,City Union Bank,334910357,0.0030,966,961,5
44,JIO,JIO PAYMENTS BANK LTD,311350867,0.0030,892,754,138
45,PSB,Punjab and Sind Bank,292990312,0.0030,930,895,35
46,UIJ,UJJIVAN SMALL FINANCE BANK LIMITED,286940581,0.0000,125,124,1
47,KLG,KERALA GRAMIN BANK,270760459,0.0030,943,943,0
48,RBJ,RBL Juspay,262610194,0.0000,32,32,0
49,NPL,NSDL Payments Bank Limited Acquirer,258450736,0.0020,442,87,355
50,RBA,Amazon RBL,247920609,0.0020,420,373,47
51,CIT,CITIBANK CORPORATE,235570791,0.0010,291,291,0
52,SSF,SURYODAY SMALL FINANCE BANK LIMITED,234130585,0.0230,5309,5309,0
53,BUB,Baroda UP Bank,227550507,0.0020,360,358,2
54,TGB,TELANGANA GRAMEENA BANK,184720414,0.0000,71,71,0
55,PKB,Karnataka Gramin Bank,176720993,0.0000,82,82,0
56,MGB,Maharashtra Gramin Bank,168700825,0.0010,153,153,0
57,EQT,EQUITAS SMALL FINANCE BANK,161240895,0.0020,283,283,0
58,EAF,ESAF SMALL FINANCE BANK LTD,159830023,0.0000,66,66,0
59,SBO,SBI Payment Services Private Ltd,153140751,0.0050,803,709,94
60,RMG,Rajasthan Marudhara Gramin Bank,149250669,0.0010,77,77,0
61,AND,Andhra Pragathi Grameena Bank,147270900,0.0000,8,8,0
62,NSD,NSDL Payments Bank Limited,134430755,0.0050,680,680,0
63,DBS,DBS Bank India Limited,126040315,0.0010,81,81,0
64,SUB,Prathama UP Gramin Bank,115880580,0.0010,118,118,0
65,PTI,Paytm Payments Bank Limited,113980412,0.0000,0,0,0
66,SBG,SARVA HARYANA GRAMIN BANK,112100092,0.0010,106,106,0
67,KVG,Karnataka Vikas Grameena Bank,101890363,0.0010,76,76,0
68,SRC,Saraswat Co-operative Bank,9838819,0.0010,62,62,0
69,MBB,Dakshin Bihar Gramin Bank,9337654,0.0010,77,77,0
70,USF,UTKARSH SMALL FINANCE BANK LIMITED,9304059,0.0020,207,190,17
71,BKG,Baroda Rajasthan Kshetriya Gramin Bank,9084172,0.0000,6,6,0
72,ASU,Axis Bank Setu,7555553,0.0010,113,73,40
73,CHB,CHHATTISGARH RAJYA GRAMIN BANK,6649586,0.0010,38,38,0
74,DLB,Dhanalakshmi Bank,6136974,0.0030,195,195,0
75,ANB,Union Bank of India Erstwhile Andhra Bank,6034197,0.0030,177,176,1
76,SCB,Standard Chartered Bank,5966953,0.0010,56,54,2
77,HSB,HSBC Bank,5950639,0.0020,98,97,1
78,MZR,MIZORAM RURAL BANK,5490171,0.0000,0,0,0
79,DCB,DCB Bank Ltd,5390160,0.0020,82,82,0
80,CSB,CSB Bank Limited,5362152,0.0060,318,290,28
81,APV,Andhra Pradesh Grameena Vikas Bank,5061931,0.0000,8,8,0
82,NES,Slice Small Finance Bank Ltd,4791954,0.0000,8,8,0
83,CGG,CHAITANYA GODAVARI GRAMEENA BANK,4791436,0.0000,18,18,0
84,JSF,JANA SMALL FINANCE BANK LTD,4707474,0.0030,145,145,0
85,TSB,TJSB SAHAKARI BANK LIMITED,4689813,0.0010,32,32,0
86,VGB,Jharkhand Rajya Gramin Bank,4647162,0.0010,36,36,0
87,COB,The Cosmos Co-Operative Bank Ltd,4313580,0.0000,16,13,3
88,ACB,Abhyudaya Co-operative Bank,3688037,0.0040,164,164,0
89,UKG,Uttarakhand Gramin Bank,3499007,0.0000,9,9,0
90,SVC,THE SHAMRAO VITHAL COOPERATIVE BANK LTD,3459233,0.0000,5,5,0
91,PGB,PUNJAB GRAMIN BANK,3369102,0.0010,21,21,0
92,IBB,Indusind Bank M2P,3256945,0.0000,2,2,0
93,YBA,YES Bank Amazon Pay,3122844,0.0020,53,45,8
94,AMG,ASSAM GRAMIN VIKASH BANK,3099637,0.0000,0,0,0
95,BHB,THE BHARAT CO OPERATIVE BANK MUMBAI LTD,2889620,0.0010,40,40,0
96,JSB,Janata Sahakari Bank,2808448,0.0000,3,3,0
97,GYB,The Gayatri Co-operative Urban Bank Ltd,2572276,0.0010,25,25,0
98,BGI,Baroda Gujarat Gramin Bank,2509332,0.0010,15,15,0
99,KRS,The Kerala State Co-operative Bank Ltd,2506553,0.0000,1,1,0
100,NEF,Slice Small Finance Bank Acquirer,2338045,0.0010,17,17,0
101,HGB,HIMACHAL PRADESH GRAMIN BANK,2305149,0.0000,0,0,0
102,ABR,ABR,2284530,0.0030,79,46,33
103,GPB,G P Parsik Sahakari Bank Ltd,2244563,0.0040,101,101,0
104,BKD,The Banaskantha District Central Co-Op Bank Ltd,2243826,0.0000,1,1,0
105,JKG,JAMMU AND KASHMIR GRAMEEN BANK,2213735,0.0010,19,19,0
106,PPN,PAYPOINT INDIA NETWORK PRIVATE LIMITED,1881841,0.0630,1187,257,930
107,NEG,NEG,1777545,0.0000,1,1,0
108,NTB,The Nainital Bank Ltd,1721805,0.0000,1,1,0
109,TNG,Tamil Nadu Grama Bank,1713515,0.0070,124,124,0
110,APN,APNA Sahakari Bank ltd,1609066,0.0020,28,28,0
111,SAG,Saurashtra Gramin Bank,1584816,0.0000,2,2,0
112,STA,The Satara District Central Co-Op Bank Ltd,1570558,0.0040,55,55,0
113,TIR,TRIPURA GRAMIN BANK,1515741,0.0000,0,0,0
114,BCC,Bassein Catholic Co-operative Bank Ltd,1443590,0.0000,0,0,0
115,ARY,Aryavart Bank,1395892,0.0020,32,32,0
116,HPB,The Himachal Pradesh State Cooperative Bank Ltd,1384380,0.0020,29,28,1
117,API,Amazon,1358082,0.0000,1,1,0
118,DSB,Dombivli Nagarik Sahakari Bank,1344944,0.0000,2,2,0
119,AHD,Ahmedabad District Cooperative Bank,1259764,0.0000,2,2,0
120,RKN,RAJKOT NAGARIK SAHAKARI BANK LTD,1236888,0.0000,3,3,0
121,KJB,Kalyan Janata Sahakari Bank,1217979,0.0060,75,75,0
122,TDC,The Thane Dist Central Co op Bank Ltd,1212115,0.0000,3,3,0
123,MRB,MEGHALAYA RURAL BANK,1201810,0.0000,0,0,0
124,SBL,SBM Bank India Ltd,1196117,0.0010,15,15,0
125,SGB,Saptagiri Grameena Bank,1166448,0.0020,18,14,4
126,KLB,The Kalupur Commercial Co-Op Bank Ltd,1148298,0.0010,6,6,0
127,SKD,The Sabarkantha Dist Central Co-Op Bank Ltd,1137563,0.0000,2,1,1
128,NGB,NKGSB Co-operative Bank,1041123,0.0020,25,25,0
129,KAI,The Kaira District Central Co-Op Bank Ltd,1031526,0.0010,7,7,0
130,PDC,The Panchmahal District Co Operative Bank Ltd,1012289,0.0000,4,4,0
131,MNB,Mahanagar Co-operative Bank,951569,0.0020,19,19,0
132,TNF,The Surat District Cooperative Bank,937623,0.0010,6,6,0
133,MUC,Mehsana Urban Co-operative Bank,866061,0.0000,4,4,0
134,ERT,Eroute Technologies Private Limited,834515,0.0000,0,0,0
135,BFP,Bajaj Finance Limited,819276,0.0020,13,12,1
136,HPY,Hitachi Payment Service Private Limited,810974,0.0000,0,0,0
137,CPF,Capital Small Finance Bank Ltd,804632,0.0000,2,2,0
138,ACU,The Adarsh Co-operative Urban Bank Ltd,801105,0.0000,2,2,0
139,TEL,TELANGANA STATE COOPERATIVE APEX BANK LTD,799693,0.0020,16,16,0
140,SRS,Shri Chhatrapati Rajarshi Shahu Urban Co-Op Bank Ltd,788536,0.0020,13,13,0
141,JJS,JALGAON JANATA SAHAKARI BANK LTD,781139,0.0000,2,2,0
142,SSK,SUCO Souharda Sahakari Bank,780715,0.0000,1,1,0
143,VAR,The Varachha Co-op Bank Ltd,717227,0.0000,0,0,0
144,BRM,The Baramati Sahakari Bank Limited,711501,0.0020,16,16,0
145,JNS,Janaseva Sahakari Bank ltd,696469,0.0000,2,2,0
146,SHB,Shivalik Small Finance Bank Limited,695795,0.0020,11,11,0
147,DEO,Deogiri Nagari Sahakari Bank Ltd,675202,0.0010,5,5,0
148,INS,Indusind Bank INS,672170,0.0010,4,4,0
149,PRY,Priyadarshani Nagari Sahakari Bank Maryadit,668980,0.0000,2,2,0
150,BGV,Bangiya Gramin Vikash Bank,644442,0.0000,0,0,0
151,KKN,Kokan Mercantile Co-Op Bank Ltd,634528,0.0010,6,6,0
152,ARB,ARUNACHAL PRADESH RURAL BANK,628860,0.0000,2,2,0
153,PUN,Pune District Central Co-operative Bank Ltd,610961,0.0110,65,65,0
154,PBG,PASCHIM BANGA GRAMIN BANK,597596,0.0010,3,3,0
155,MNR,MANIPUR RURAL BANK,588831,0.0010,3,2,1
156,CLB,COASTAL AREA LOCAL BANK,585324,0.0000,0,0,0
157,TBS,Thane Bharat Sahakari Bank Ltd,575840,0.0010,4,4,0
158,KIB,Kallappanna Awade Ichalkaranji Janata Sahkari Bank,574880,0.0010,7,7,0
159,SDM,Samarth Sahakari Bank Ltd Solapur,571821,0.0000,0,0,0
160,VKH,The Visakhapatnam Cooperative Bank Ltd,548455,0.0000,0,0,0
161,JAB,THE JALGAON PEOPLES CO-OP BANK LTD,540980,0.0010,5,5,0
162,KDK,Kolhapur Dist Central Co-Op Bank Ltd,508705,0.0000,1,1,0
163,KDO,THE KARIMNAGAR DISTRICT CO OPERATIVE CENTRAL BANK LTD,483277,0.0020,8,8,0
164,RNS,RAJGURUNAGAR SAHAKARI BANK LTD,481474,0.0000,0,0,0
165,TNA,THE TAMIL NADU STATE APEX CO OPERATIVE BANK LTD,470809,0.0000,0,0,0
166,AKA,The Akola District Central Co-oP Bank Ltd,459184,0.0000,1,1,0
167,BMC,Bombay Mercantile CO Operative Bank Ltd,454057,0.0010,5,5,0
168,GBB,The Greater Bombay Co-operative Bank Limited,453254,0.0010,5,5,0
169,HTI,The Hasti Co-op Bank Ltd,449041,0.0000,0,0,0
170,VSI,The Vishweshwar Sahakari Bank Ltd,440629,0.0000,1,1,0
171,VVS,VASAI VIKAS SAHAKARI BANK LTD,423816,0.0020,7,7,0
172,MZM,THE MIZORAM COOPERATIVE APEX BANK LTD,411709,0.0000,1,1,0
173,SID,Sindhudurg District Central Co Op Bank Ltd,403820,0.0020,8,8,0
174,PPB,The Pochampally Co-operative Urban bank Ltd,397470,0.0010,4,4,0
175,PHP,PhonePe Pvt Ltd,376201,0.0000,0,0,0
176,SPB,THE SURAT PEOPLES COOP BANK LTD,374604,0.0010,4,4,0
177,JKS,Janakalyan Sahakari Bank Ltd,370023,0.0000,0,0,0
178,GSC,The Gujarat State Co-op Bank Ltd,351845,0.0010,3,3,0
179,APM,The AP Mahesh Co-operative Urban Bank Ltd,345039,0.0000,0,0,0
180,DCM,The District Co-Operative Central Bank Ltd Medak,334117,0.0000,1,1,0
181,ASB,THE ANDHRA PRADESH STATE COOPERATIVE BANK LTD,325577,0.0000,1,1,0
182,KNG,THE KANGRA CENTRAL CO-OPERATIVE BANK LTD,323746,0.0180,57,53,4
183,DSM,Darussalam Co-Operative Urban Bank Ltd,323439,0.0010,3,3,0
184,IBI,IDBI Bank IBI,319381,0.0010,3,1,2
185,MGC,THE MEGHALAYA COOPERATIVE APEX BANK LTD,315804,0.0010,2,2,0
186,MUN,The Municipal Co-operative Bank Ltd,315242,0.0000,1,1,0
187,KSA,The Karnataka State Co-operative Apex Bank Ltd,312861,0.0040,12,12,0
188,USB,Unity Small Finance Bank Limited,308560,0.0010,2,2,0
189,SYG,Suvarnayug Sahakari Bank Ltd,307645,0.0050,16,16,0
190,AJB,The Ajara Urban Co op Bank Ltd,300226,0.0000,0,0,0
191,BNS,Bhagini Nivedita Sahakari Bank Ltd,294118,0.0010,2,2,0
192,VIK,Vikas Souharda Co operative Bank Ltd,289675,0.0000,1,1,0
193,NMC,The Nasik Merchants Cooperative Bank Ltd,288665,0.0000,0,0,0
194,RKT,Shri Rajkot District Co-Operative Bank Ltd,281661,0.0000,1,1,0
195,RJH,Rajarshi Shahu Sahakari Bank Ltd,281497,0.0010,3,3,0
196,DDC,Dharmapuri District Central Co-operative Bank Ltd,276528,0.0000,0,0,0
197,AMB,Ambajogai Peoples Co-Operative Bank Ltd,275896,0.0000,0,0,0
198,AMD,THE AHMEDNAGAR DISTRICT CENTRAL COOP BANK LTD,274682,0.0000,1,1,0
199,AHM,Ahmednagar Merchants Co-Op Bank Ltd,271932,0.0000,1,1,0
200,BDB,THE BARODA CENTRAL COOP BANK LTD,269907,0.0000,0,0,0
201,SDS,Sadhana Sahakari Bank Ltd,269471,0.0000,1,1,0
202,KRI,Krishna Bhima Samruddhi Local Area Bank,260646,0.0000,0,0,0
203,SHK,SHREE KADI NAGARIK SAHAKARI BANK LTD,253793,0.0020,5,5,0
204,MSL,THE MUSLIM COOPERATIVE BANK LTD PUNE,251211,0.0010,3,3,0
205,HCB,HDFC Bank Credit Card HCB,250639,0.0000,0,0,0
206,KUB,The Kolhapur Urban Co-op Bank Ltd,248542,0.0020,5,5,0
207,JMR,Jila Sahakari Kendriya Bank Maryadit Raipur,247689,0.0000,0,0,0
208,MOC,Model Co-Op Bank Ltd,247510,0.0020,5,5,0
209,SSP,Sant Sopankaka Sahakari Bank Ltd,245239,0.0000,0,0,0
210,GHD,The Gadchiroli District Central Co-Op Bank Ltd,241921,0.0040,9,9,0
211,PPO,Pune Peoples Co operative Bank Ltd,241458,0.0020,6,6,0
212,MHD,The Mehsana District Central Co op Bank Ltd,222839,0.0000,1,1,0
213,SNB,Smriti Nagrik Sahakari Bank Maryadit Mandsaur,218205,0.0000,1,1,0
214,DTY,Dattatraya Maharaj Kalambe Jaoli Sahakari Bank Ltd,216839,0.0010,2,2,0
215,DNS,Deendayal Nagri Sahakari Bank Ltd,216095,0.0000,1,0,1
216,CCL,The Chennai Central Cooperative Bank Ltd,206871,0.0000,0,0,0
217,PCB,Prime Co-Operative Bank Ltd,205677,0.0000,0,0,0
218,CDC,The Coimbatore District Central Co-op Bank Limited,202719,0.0000,0,0,0
219,AJC,Ambarnath Jai Hind Co Operative Bank Ltd,201617,0.0090,18,18,0
220,SSM,SHARAD SAHAKARI BANK LTD,200919,0.0000,0,0,0
221,TRL,Transcorp International Limited,198424,0.0060,11,11,0
222,DMC,Dhanera Mercantile Co-op Bank Ltd,198204,0.0010,1,1,0
223,SND,Sunderlal Sawji Urban Co-Op Bank Ltd,194344,0.0000,0,0,0
224,AME,The Ahmedabad Mercantile Cooperative Bank Ltd,192785,0.0000,0,0,0
225,PWN,Poornawdi Nagrik Sahakari Bank Ltd,192012,0.0020,4,4,0
226,KAN,Kanaka Mahalakshmi Co-Operative Bank Ltd,191748,0.0010,1,1,0
227,KHM,The Khamgaon Urban Co-Operative Bank Ltd,190154,0.0010,1,1,0
228,ADB,ADARSH COOPERATIVE BANK RAJASTHAN,189302,0.0000,0,0,0
229,SBN,SAIBABA NAGARI SAHAKARI BANK MARYADIT SAILU,189185,0.0010,1,0,1
230,NDC,THE NALGONDA DIST CO-OP CENTRAL BANK LTD,188503,0.0010,1,1,0
231,KCM,KANCHEEPURAM CENTRAL COOPERATIVE BANK,188346,0.0000,0,0,0
232,VDV,The Vijayapura District Central Co-operative Bank Ltd,187850,0.0030,5,5,0
233,DDL,DINDIGUL DISTRICT CENTRAL COOPERATIVE BANK,187363,0.0000,0,0,0
234,TDB,TheTiruchirappalli District Central Cooperative Bank Ltd,185563,0.0000,0,0,0
235,SUX,The SUTEX Co-operative Bank Ltd,184280,0.0010,1,1,0
236,BKM,The Banaskantha Mercantile Co-Operative Bank Ltd,184053,0.0010,1,1,0
237,SVB,Shri Veershaiv Co-operative Bank Ltd,182221,0.0010,1,1,0
238,JKK,Jila Sahkari Kendriya Bank Maryadit Khargone,178738,0.0000,0,0,0
239,JSD,Jila sahakari Kendriya Bank Mydt Durg,178038,0.0040,7,7,0
240,CNS,The Chembur Nagarik Sahakari Bank Ltd,177182,0.0000,0,0,0
241,JNC,Jalna Merchants Co-Op Bank Ltd,176454,0.0010,1,1,0
242,ICC,ICICI Bank Credit Card,173454,0.0000,0,0,0
243,VNP,Vaishya Nagari Sahakari Bank Ltd,172121,0.0000,0,0,0
244,CCC,Citizen Credit Co-Operative Bank Ltd,168601,0.0060,10,10,0
245,VDL,VELLORE DISTRICT CENTRAL COOPERATIVE BANK,163982,0.0000,0,0,0
246,BDR,Bhadradri Co-Operative Urban Bank Ltd,163640,0.0000,0,0,0
247,SWS,SHREE WARANA SAHAKARI BANK LTD,162822,0.0030,5,4,1
248,RBB,Rajarambapu Sahakari Bank Ltd Peth,160276,0.0110,17,17,0
249,BCB,THE BELLARY DIST COOPERATIVE CENTRAL BANK LTD,159807,0.0010,1,1,0
250,AJM,Amreli Jilla Madhyastha Sahakari Bank Ltd,158773,0.0000,0,0,0
251,ARS,Arvind Sahakari Bank Ltd,157953,0.0020,3,3,0
252,CDL,The Chittoor District Co-op Central Bank Ltd,155665,0.0000,0,0,0
253,KTC,The Kottakkal Cooperative Urban Bank Ltd,152155,0.0000,0,0,0
254,SVY,Sarvodaya Commercial Co-Op Bank Ltd,149269,0.0000,0,0,0
255,SDI,SALEM DISTRICT CENTRAL COOPERATIVE BANK,148294,0.0000,0,0,0
256,NUN,The Nandura Urban Co-op Bank Ltd,145594,0.0020,3,3,0
257,RFP,RAPIPAY FINTECH PRIVATE LIMITED,142323,0.0000,0,0,0
258,SPM,SPICE MONEY LIMITED,140896,0.0000,0,0,0
259,LSB,Lonavala Sahakari Bank Ltd,139274,0.0000,0,0,0
260,SBC,SBI Cards and Payment Services Limited,134071,0.0000,0,0,0
261,KBL,The Kumbakonam Central Co-operative Bank Ltd,131574,0.0000,0,0,0
262,TID,The Tiruvannamalai District central Cooperative Bank Ltd,130553,0.0000,0,0,0
263,MDM,Mann Deshi Mahila Sahakari Bank Ltd,129737,0.0010,1,1,0
264,BIP,BALANCEHERO INDIA PRIVATE LIMITED,129663,0.0000,0,0,0
265,SNC,Surat National Co-Operative Bank Ltd,129424,0.0000,0,0,0
266,EUB,The Eenadu Co-oP Urban Bank Ltd,129200,0.0000,0,0,0
267,PCS,Pune Cantonment Sahakari bank Ltd,129024,0.0000,0,0,0
268,MDO,MDO,128325,0.0000,0,0,0
269,ADC,The Adilabad District Co-Op Central Bank Ltd,128153,0.0000,0,0,0
270,SNS,Saraspur Nagarik Co-Op Bank Ltd,126273,0.0010,1,0,1
271,LDC,The Latur District Central Co-op Bank Ltd,126263,0.0010,1,1,0
272,MCC,MADURAI DISTRICT CENTRAL COOPERATIVE BANK,125898,0.0000,0,0,0
273,DBA,DEUTSCHE BANK DBA,123862,0.0040,5,5,0
274,PUC,The Panipat Urban Cooperative Bank Ltd,123072,0.0000,0,0,0
275,ABS,THE ABHINAV SAHAKARI BANK LTD,122812,0.0000,0,0,0
276,TUP,Tirupati Urban Co-Operative Bank Ltd,121823,0.0020,2,2,0
277,PSD,PUSAD URBAN CO-OP BANK LTD,121321,0.0230,28,3,25
278,PBB,Puduvai Bharathiar Grama Bank,120557,0.0020,3,3,0
279,KUC,KUC,120194,0.0000,0,0,0
280,HSW,Hutatma Sahakari Bank Ltd,119816,0.0010,1,1,0
281,LQK,LIVQUIK Technology India PVT LTD,119183,0.0020,2,2,0
282,AKU,THE AKOLA URBAN CO OPERATIVE BANK LTD,118047,0.0000,0,0,0
283,SSL,The Satara Sahakari Bank Ltd,117552,0.0000,0,0,0
284,TPS,TRIPURA STATE CO OPERATIVE BANK LTD,117492,0.0010,1,1,0
285,MBH,THE MAHARASHTRA STATE COOPERATIVE BANK LIMITED,117416,0.0000,0,0,0
286,DCK,The District Central Co op Bank Ltd Khammam,112487,0.0020,2,2,0
287,WDC,The Warangal District Cooperative Central Bank Ltd,112350,0.0000,0,0,0
288,URN,URBAN COOPERATIVE BANK LTD BAREILLY,112116,0.0000,0,0,0
289,NDL,NILGIRIS DISTRICT CENTRAL COOPERATIVE BANK,111454,0.0000,0,0,0
290,MHS,Mahesh Sahakari Bank Ltd,110821,0.0000,0,0,0
291,UPC,Uttar Pradesh Co-operative Bank Ltd,110316,0.0040,4,4,0
292,JNA,JANATA SAHAKARI BANK LTD AJARA,109977,0.0110,12,12,0
293,PLA,Palus Sahakari Bank Ltd,109102,0.0050,5,5,0
294,KNT,The Karnavati Co operative Bank Ltd,107967,0.0010,1,1,0
295,MSB,THE MALAD SAHAKARI BANK LIMITED,106559,0.0030,3,3,0
296,NUR,The New Urban Co-operative Bank Ltd Rampur,106096,0.0000,0,0,0
297,VJC,THE VIJAY COOPERATIVE BANK LTD,105599,0.0000,0,0,0
298,SAR,SBPP CO-OPERATIVE BANK LIMITED,105071,0.0000,0,0,0
299,AKO,THE AKOLA JANATA COMMERCIAL COOPERATIVE BANK LTD,104304,0.0000,0,0,0
300,JGC,Jogindra Central Cooperative Bank Ltd,103756,0.0030,3,3,0
301,DHU,The Dahod Urban Co-operative Bank Ltd,101804,0.0000,0,0,0
302,TPI,TRANSERV LIMITED,101244,0.0110,11,10,1
303,NNI,Nutan Nagarik Sahakari Bank Ltd,100296,0.0000,0,0,0
304,MCU,MAHAVEER COOPERATIVE URBAN BANK LTD,99595,0.0000,0,0,0
305,IKT,Irinjalakuda Town Co-Operative Bank Ltd,99394,0.0010,1,1,0
306,VDB,VILLUPURAM DISTRICT CENTRAL COOPERATIVE BANK,98021,0.0000,0,0,0
307,RDB,RAMANATHAPURAM DISTRICT CENTRAL COOPERATIVE BANK,97648,0.0000,0,0,0
308,NRV,The Nasik Road Deolali Vyapari Sahakari Bank Ltd,97594,0.0030,3,3,0
309,JAM,Jamia Co-operative Bank Ltd,94949,0.0010,1,1,0
310,SNG,The Sangamner Merchants Co Operative Bank Ltd,93864,0.0000,0,0,0
311,JLB,Jalore Nagrik Sahakari Bank Ltd,92758,0.0000,0,0,0
312,AXC,Axis Bank Credit Card,92580,0.0000,0,0,0
313,NMN,The Nanded Merchants Coop Bank Ltd,91643,0.0030,3,3,0
314,TDL,TIRUNELVELI DISTRICT CENTRAL COOPERATIVE BANK LTD,90670,0.0000,0,0,0
315,LCI,Lokmangal Co op Bank Ltd Solapur,90644,0.0000,0,0,0
316,BUR,The Burdwan Central Co op Bank Ltd,90119,0.0000,0,0,0
317,RGD,THE RAIGAD DISTRICT CO OPERATIVE BANK LTD ALIBAG,89098,0.0000,0,0,0
318,PCC,PUDUKOTTAI DISTRICT CENTRAL COOPERATIVE BANK,87790,0.0000,0,0,0
319,PRC,PRERANA CO OPERATIVE BANK LTD,87739,0.0010,1,1,0
320,PSI,Pavana Sahakari Bank Ltd,87643,0.0020,2,1,1
321,MDC,Muzaffarnagar District Cooperative Bank Ltd,87304,0.0570,50,28,22
322,FNG,Fingrowth Cooperative Bank Ltd,87133,0.0000,0,0,0
323,SSJ,Samarth Sahakari Bank Maryadit Jalna,86270,0.0010,1,1,0
324,PNE,Pune Urban Co-op Bank Ltd,85968,0.0010,1,1,0
325,SPN,Shree Panchganga Nagari Sahakari Bank Ltd,85610,0.0020,2,1,1
326,CDB,Cuddalore District Central Co-op Bank,85116,0.0000,0,0,0
327,VMK,Valmiki Urban Cooperative Bank Ltd,84743,0.0010,1,1,0
328,BMN,The Bhagyalakshmi Mahila Sahakari Bank Ltd,82340,0.0000,0,0,0
329,RDL,Ratnagiri District Central Co-operative Bank Ltd,81756,0.0010,1,0,1
330,NCB,THE NATIONAL CO-OPERATIVE BANK LTD,81661,0.0000,0,0,0
331,HDC,THE HASSAN DISTRICT CO-OPERATIVE CENTRAL BANK LTD,81209,0.0000,0,0,0
332,RUD,Rajapur Urban Cooperative Bank Ltd,79605,0.0030,2,2,0
333,BVN,Bhavnagar District Co operative Bank Ltd,78982,0.0000,0,0,0
334,TPU,The Urban Coop Bank Ltd No 1758 Perinthalmanna,78775,0.0000,0,0,0
335,EDC,The Erode District Central Cooperative Bank Ltd,78494,0.0000,0,0,0
336,SLB,Sterling Urban Co-Operative Bank Ltd,78187,0.0000,0,0,0
337,VCL,VIRUDHUNAGAR DISTRICT CENTRAL COOPERATIVE BANK,77977,0.0000,0,0,0
338,JCB,The Jampeta Co operative Urban Bank Ltd,77283,0.0000,0,0,0
339,BSB,Shri Basaveshwar Sahakari Bank Nyt,75394,0.0000,0,0,0
340,TKG,Tumkur Grain Merchants Co-operative Bank Ltd,74906,0.0000,0,0,0
341,UBD,THE URBAN COOP BANK LTD DHARANGAON,74863,0.0000,0,0,0
342,SSR,The Sirsi Urban Sahakari Bank Ltd,73473,0.0050,4,4,0
343,SMW,Shri Mahila Sewa Sahakari Bank Ltd,72786,0.0070,5,4,1
344,MAI,Manvi Pattana Souharda Sahakari Bank Ni,72701,0.0000,0,0,0
345,TAS,Associate Co-op Bank Ltd,71701,0.0000,0,0,0
346,CKL,THE CHIKHLI URBAN CO-OP BANK LTD,69769,0.0010,1,0,1
347,APB,ADARNIYA P D PATILSAHEB SAHAKARI BANK LTD KARAD,68863,0.0100,7,7,0
348,KTU,The Kodinar Taluka Cooperative Banking Union Ltd,68682,0.0000,0,0,0
349,SSB,Sampada Sahakari Bank Ltd Pune,67926,0.0000,0,0,0
350,SUJ,Shri Bharat Urban Co-Operative Bank Ltd,67921,0.0030,2,2,0
351,VJS,Vasai Janata Sahakari bank Ltd,67857,0.0010,1,1,0
352,AGU,The Agrasen Co-Operative Urban Bank Ltd,65729,0.0000,0,0,0
353,BMS,BRAHMADEODADA MANE SAHAKARI BANK LTD SOLAPUR,65445,0.0020,1,0,1
354,KDG,The Kodungallur Town Co Operative Bank Ltd,64228,0.0000,0,0,0
355,MHN,Mahanagar Nagrik Sahakari Bank Maryadit,63735,0.0020,1,1,0
356,BHD,The Bharuch District Central Coop Bank Ltd,62640,0.0000,0,0,0
357,VSD,VALSAD DISTRICT CENTRAL CO OPERATIVE BANK LTD,62308,0.0000,0,0,0
358,KCT,The Kakinada Co-operative Town Bank Ltd,62110,0.0000,0,0,0
359,KBC,Kotak Mahindra Bank Credit Card,62110,0.0000,0,0,0
360,AAC,Akhand Anand Co-op Bank Ltd,61571,0.0000,0,0,0
361,TCC,THANJAVUR DISTRICT CENTRAL COOPERATIVE BANK,61479,0.0000,0,0,0
362,ZLK,Zila Sahakari Bank Ltd Lakhimpur Kheri,61152,0.0050,3,3,0
363,SMS,Samata Sahakari Bank Ltd,60901,0.0000,0,0,0
364,CZN,Citizen Cooperative Bank Ltd,60874,0.0000,0,0,0
365,RDC,The Raichur District Central Coop Bank Ltd,60771,0.0000,0,0,0
366,SRV,The Sarvodaya Nagarik Sahakari Bank Ltd,60592,0.0050,3,3,0
367,JMS,JIJAMATA MAHILA SAHAKARI BANK LTD,59509,0.0000,0,0,0
368,AHS,AHMEDNAGAR SHAHAR SAHAKARI BANK MARYADIT,59206,0.0000,0,0,0
369,NMB,Navi Mumbai Co-operative Bank Ltd,58792,0.0000,0,0,0
370,SGM,Shri Gajanan Maharaj Urban Co-op Bank Ltd Bhokardan,58369,0.0000,0,0,0
371,BHV,BHAVNA RISHI CO OPERATIVE URBAN BANK LTD,58300,0.0050,3,3,0
372,RCB,Rajadhani Co Op Urban Bank Ltd,58073,0.0020,1,1,0
373,INC,Indrayani Cooperative Bank Ltd,57358,0.0020,1,1,0
374,RZS,RAMPUR ZILA SAHKARI BANK LTD,57048,0.0000,0,0,0
375,MRS,MADHYA PRADESH RAJYA SAHAKARI BANK MARYADIT,56829,0.0000,0,0,0
376,DAP,Dapoli Urban Cooperative Bank Ltd,56603,0.0000,0,0,0
377,BEB,The Business Co Operative Bank Ltd,56479,0.0050,3,3,0
378,SAC,Shri Arihant Co-Op Bank Ltd,55461,0.0050,3,3,0
379,SCC,SIVAGANGAI DISTRICT CENTRAL COOPERATIVE BANK,54880,0.0000,0,0,0
380,NSN,NANDANI SAHAKARI BANK LTD NANDANI,53516,0.0000,0,0,0
381,THD,THOOTHUKUDI DISTRICT CENTRAL COOPERATIVE BANK,53037,0.0000,0,0,0
382,JUC,Jankalyan urban Co-Operative Maryadit Kallam,53004,0.0020,1,0,1
383,BLT,Balotra Urban Co operative Bank Ltd,52921,0.0000,0,0,0
384,DHS,The Davangere Harihar Urban Sahakara Bank Niyamitha,52640,0.0000,0,0,0
385,GDH,The Godhra Urban Cooperative Bank Ltd,52420,0.0000,0,0,0
386,DBL,The Dhanbad Central Cooperative Bank Ltd,51946,0.0000,0,0,0
387,TLC,The Latur Urban Coop Bank Ltd Latur,51869,0.0000,0,0,0
388,VSM,Sri Vasavamba Co-Op Bank Ltd,51556,0.0020,1,1,0
389,UUB,The Udaipur Urban Co-Operative Bank Ltd,51505,0.0000,0,0,0
390,TKR,The Kranthi Co-Operative Urban Bank Ltd,51194,0.0020,1,0,1
391,BAN,The Bangalore City Co-Operative Bank Limited,50651,0.0000,0,0,0
392,SCM,Siddheshwar Urban Coop Bank Maryadit Sillod,50644,0.0020,1,1,0
393,KCC,THE KODAGU DISTRICT CO-OP CENTRAL BANK LTD,49975,0.0000,0,0,0
394,MCL,Maratha Co-operative Bank Ltd,49660,0.0000,0,0,0
395,UBS,URBAN CO OPERATIVA BANK LTD SIDDHARTHNAGAR,49288,0.0000,0,0,0
396,SKU,S S L S A Kurundwad Urban Bank Ltd,49236,0.0020,1,1,0
397,UMB,THE UDAIPUR MAHILA URBAN COOP BANK LTD,48430,0.0020,1,1,0
398,CUL,THE CHIPLUN URBAN COOPERATIVE BANK LTD,48384,0.0020,1,1,0
399,DAM,THE DAHOD MERCANTILE CO-OP BANK LTD,46804,0.0000,0,0,0
400,DCC,IDFC Bank Credit Card,46796,0.0000,0,0,0
401,CGR,Chhattisgarh Rajya Sahakari Bank Mydt,46511,0.0000,0,0,0
402,NBT,The Navnirman Co-Operative Bank Ltd,46123,0.0020,1,1,0
403,KTK,THE KAKATIYA CO-OPERATIVE URBAN BANK LTD,45948,0.0000,0,0,0
404,LUL,LAXMI URBANCOOP BANK LTD LATUR,45888,0.0000,0,0,0
405,TMK,The Commercial Co operative Bank Ltd Kolhapur,45355,0.0000,0,0,0
406,GSN,Guardian Souharda Sahakari Bank Niyamita,44563,0.0000,0,0,0
407,KNK,Kankaria Maninagar Nagarik Sahakari Bank Ltd,44451,0.0000,0,0,0
408,SDN,SHRI ADINATH CO OP BANK LTD,44431,0.0000,0,0,0
409,SVD,THE SARVODAYA SAHAKARI BANK LTD,43934,0.0000,0,0,0
410,HFB,HFB,43788,0.0020,1,0,1
411,RVK,Raje Vikramsinh Ghatage Co-operative Bank Ltd Kagal,43305,0.0050,2,2,0
412,CZS,Citizens Co-Operative Bank Ltd,42893,0.0000,0,0,0
413,JJL,The Junagadh Jilla Sahakari Bank Ltd,42532,0.0000,0,0,0
414,BAB,THE BABASAHEB DESHMUKH SAHAKARI BANK LTD,42054,0.0050,2,2,0
415,WUC,Warangal Urban Cooperative Bank Ltd,41717,0.0000,0,0,0
416,ASL,The Annasaheb Savant Co-op Urban Bank Mahad Ltd,41347,0.0000,0,0,0
417,PCI,Peoples Urban Co-operative Bank Ltd,39836,0.0080,3,2,1
418,YBC,Yes Bank Credit Card,39582,0.0000,0,0,0
419,JUB,The Jamkhandi Urban Co-Operative Bank Ltd,39499,0.0000,0,0,0
420,COC,Contai Cooperative bank Ltd,39315,0.0000,0,0,0
421,SUD,Sudha Co-Operative Urban Bank Ltd,39138,0.0030,1,1,0
422,COR,THE CO-OPERATIVE BANK OF RAJKOT LTD,38553,0.0160,6,6,0
423,NSG,Nagrik Sahakari Maryadit Gwalior,37828,0.0000,0,0,0
424,KSM,KASHMIR MERCANTILE CO OPERATIVE BANK LTD,37078,0.0000,0,0,0
425,JUN,The Junagadh Commercial Co-Operative Bank Ltd,36987,0.0000,0,0,0
426,LNS,Lokvikas Nagari Sahakari Bank Ltd Aurangabad,36949,0.0050,2,2,0
427,SHP,SHP,36940,0.0000,0,0,0
428,GUN,THE GUNTUR COOPERATIVE URBAN BANK LTD,36737,0.0000,0,0,0
429,VRD,VARDHAMAN MAHILA CO OPERATIVE URBAN BANK LTD,36505,0.0000,0,0,0
430,PTN,Patan nagarik Sahakari Bank Ltd,36074,0.0000,0,0,0
431,SDB,SADHANA SAHAKARI BANK LTD YES BANK,34816,0.0140,5,5,0
432,APA,The Ashta Peoples Co-op Bank Ltd Ashta,34768,0.0000,0,0,0
433,PTP,The Pratap Co-operative Bank Ltd,34717,0.0000,0,0,0
434,PLB,Pali Urban Co-Operative Bank Limited,34707,0.0030,1,1,0
435,MNG,Mansing Co-operative Bank Ltd,34451,0.0000,0,0,0
436,KKC,KANYAKUMARI DISTRICT CENTRAL COOPERATIVE BANK,33929,0.0000,0,0,0
437,SUL,The Sultans Battery Co-operative Urban Bank Ltd,33676,0.0000,0,0,0
438,HMT,Himatnagar Nagarik Sahakari Bank Ltd,33584,0.0000,0,0,0
439,PMC,The Pimpalgaon Merchants Co operative Bank Ltd,33337,0.0000,0,0,0
440,LAK,MAHALAKSHMI CO-OPERATIVE BANK LIMITED,32778,0.0000,0,0,0
441,SLM,The Sarvodaya Sahakari Bank Ltd Modasa,31847,0.0000,0,0,0
442,BNG,Baran Nagrik Sahakari Bank Ltd,31817,0.0000,0,0,0
443,SDR,Sandur Pattana Souharda Sahakari Bank Ni,31785,0.0000,0,0,0
444,IPC,Indore Premier Co operative Bank Ltd,31752,0.0000,0,0,0
445,SCO,SAMATA CO OPERATIVE DEVELOPMENT BANK LTD,31582,0.0700,22,3,19
446,SSS,SREENIDHI SOUHARDA SAHAKARI BANK NIYAMITHA,30941,0.0060,2,2,0
447,UMS,UDAIPUR MAHILA SAMRUDHI URBAN COOP BANK LTD,30912,0.0000,0,0,0
448,RPT,Rajkot Peoples Cooperative Bank Ltd,30769,0.0030,1,1,0
449,SWB,Shri Swami Samarth Sahakari Bank Ltd,30762,0.0000,0,0,0
450,RSC,THE RAJASTHAN STATE CO OPERATIVE BANK LTD,30701,0.0000,0,0,0
451,SML,SHRI MAHALAXMI COOPERATIVE BANK LTD KOLHAPUR,30690,0.0000,0,0,0
452,SRT,The Surat Mercantile Co-op Bank Ltd,30615,0.0000,0,0,0
453,TSL,The Shoranur Co Operative Urban Bank Ltd,30529,0.0000,0,0,0
454,JSC,JANATHA SEVA CO OPERATIVE BANK LTD,30155,0.0000,0,0,0
455,UDB,The Udupi Co Operative Town Bank Ltd,29690,0.0000,0,0,0
456,VBM,Vaishya Sahakari Bank Ltd,29616,0.0000,0,0,0
457,KNS,The Kukarwada Nagarik Sahakari Bank Ltd,29578,0.0000,0,0,0
458,SMB,SHREE MAHAVIR SAHAKARI BANK LTD,29518,0.0000,0,0,0
459,STB,The Saurashtra Co-Operative Bank Ltd,29238,0.0000,0,0,0
460,BUG,Bhavani Urban Cooperative Bank Ltd Georai,28589,0.0000,0,0,0
461,KSB,Koyana Sahakari Bank Ltd Karad,28220,0.0000,0,0,0
462,MVY,Malviya Urban Co-operative Bank Ltd,28209,0.0000,0,0,0
463,ACK,Annasaheb Chougule Urban Co-op Bank Ltd,28167,0.0000,0,0,0
464,KLM,Kolhapur Mahila Sahakari Bank Ltd,27917,0.0000,0,0,0
465,ABH,Abhinandan Urban Coop Bank Amravati,27514,0.0000,0,0,0
466,CHN,Chartered Sahakari Bank Niyamitha,27445,0.0040,1,1,0
467,PUB,Priyadarshani Urban Co-op Bank Ltd,27261,0.0000,0,0,0
468,ABL,ALAVI CO OPERATIVE BANK LTD,27236,0.0000,0,0,0
469,BHU,THE BHUJ COMMERCIAL CO OP BANK LTD,27212,0.0000,0,0,0
470,NCC,Indusind Bank Credit Card,27015,0.0000,0,0,0
471,VVM,The Veraval Mercantile Co-operative Bank Ltd,26442,0.0000,0,0,0
472,SHI,The Shillong Cooperative Urban Bank Ltd,26349,0.0040,1,1,0
473,MSS,The Merchants Souharda Sahakara Bank Ni,26238,0.0000,0,0,0
474,SYS,Shri Yashwant Sahakari Bank Maryadit Kuditre,26191,0.0000,0,0,0
475,CSC,The Chandigarh State Co-op Bank Ltd,26022,0.0380,10,10,0
476,SVS,Sardar Vallabhbhai Sahakari Bank Ltd,25835,0.0000,0,0,0
477,MFU,MAHATMA FULE URBAN COOP BANK LTD AMRAVATI,25510,0.0000,0,0,0
478,UNO,THE UNION CO OPERATIVE BANK LTD,25281,0.0000,0,0,0
479,BBS,Bellad Bagewadi Urban Souharada Sahakari Bank NYT,25038,0.0000,0,0,0
480,NBC,THE NAWANAGAR CO OPERATIVE BANK LTD,24866,0.0000,0,0,0
481,BFS,Bank of Baroda Credit cards,24855,0.0400,10,3,7
482,SCL,The Shahada Peoples Coop Bank LTD,24852,0.0000,0,0,0
483,NVC,NAVANAGARA URBAN CO-OPERATIVE BANK LTD,24776,0.0000,0,0,0
484,HPI,HDFC BANK LIMITED PPI,24527,0.0000,0,0,0
485,RNI,Rani Channamma mahila Sahakari Bank Niyamit,24029,0.0000,0,0,0
486,BAO,The Baroda City Co operative Bank Ltd,23912,0.0080,2,0,2
487,TSS,The SSK Co-Op Bank Ltd,23854,0.0000,0,0,0
488,SKC,Shrikrishna Cooperative Bank Ltd Umrer,23499,0.0000,0,0,0
489,WSM,The Washim Urban Co-operative Bank Ltd,23445,0.0040,1,0,1
490,BUC,The Bicholim Urban Cooperative Bank LTD,23181,0.0130,3,0,3
491,MUP,Mahesh Urban Co-Operative Bank Ltd Parbhani,23152,0.0040,1,1,0
492,SDU,Sri Sudha Co-operative Bank Ltd,23100,0.0000,0,0,0
493,RJT,The Rajkot Commercial Co-operative Bank,22566,0.0000,0,0,0
494,QCB,The Quilon Co-operative Urban Bank Ltd,22271,0.0000,0,0,0
495,SON,SONEBHADRA NAGAR SAHKARI BANK LIMITED,22270,0.0000,0,0,0
496,ODP,Omprakash Deora Peoples Co operative Bank Ltd,21857,0.0000,0,0,0
497,BML,The Bhuj Mercentile Coop Bank Ltd,21451,0.0000,0,0,0
498,SJS,SHRI JANATA SAHAKARI BANK LTD HALOL,21390,0.0000,0,0,0
499,KRB,KRB,20945,0.0000,0,0,0
500,GPP,The Gandevi Peoples Co operative Bank Ltd,20914,0.0000,0,0,0
501,RSB,RAMRAJYA SAHAKARI BANK LTD,20683,0.0000,0,0,0
502,BWB,BHILWARA URBAN COOPERATIVE BANK LTD,20624,0.0000,0,0,0
503,GGB,The Gandhi Gunj Co-Operative Bank Ltd,20594,0.0050,1,0,1
504,SRE,SREE CHARAN SOUHARDHA CO-OPERATIVE BANK LTD,20512,0.0000,0,0,0
505,VCC,VIJAY COMMERCIAL CO OPERATIVE BANK LTD,20415,0.0000,0,0,0
506,MCA,MCA,20169,0.0000,0,0,0
507,LUC,LUC,20152,0.0000,0,0,0
508,JAC,The Janata Co-operative Bank Ltd,19266,0.0050,1,1,0
509,DAU,Dausa Urban Cooperative Bank Ltd,19041,0.0000,0,0,0
510,MNS,The Modasa Nagarik Sahakari Bank Limited,18875,0.0000,0,0,0
511,AUF,Dr Appasaheb Patil Jaysingpur Udgaon Sahakari Bank Ltd,18680,0.0000,0,0,0
512,KOB,Kottayam Co-operative Urban Bank Ltd,18511,0.0000,0,0,0
513,USE,Utkarsh Small Finance Bank Credit Card,18255,0.0000,0,0,0
514,VBL,VILAS CO-OPERATIVE BANK LTD LATUR,18015,0.0000,0,0,0
515,GNC,The Gandhinagar Nagarik Co-operative Bank Ltd,17938,0.0000,0,0,0
516,BBL,Bhausaheb Sahakari Bank Ltd,17776,0.0060,1,0,1
517,JDH,JODHPUR NAGRIK SAHAKARI BANK LTD,17745,0.0000,0,0,0
518,VMC,Vidarbha Merchants Urban Co-op Bank Ltd,17613,0.0000,0,0,0
519,ABD,Appasaheb Birnale Sahakari Bank Ltd Dudhgaon,17505,0.0000,0,0,0
520,BBO,Bhausaheb Birajdar Urban Co-operative Bank Ltd Omerga,17372,0.0000,0,0,0
521,LCB,Liluah Co-operative Bank Ltd,17349,0.0000,0,0,0
522,KMC,Karnataka Mahila Sahakara Bank Niyamitha,17282,0.0000,0,0,0
523,JVN,Jivan Commercial Co-Operative Bank Ltd,17238,0.0000,0,0,0
524,ZCB,THE ZOROASTRIAN CO OPERATIVE BANK LTD,16654,0.0000,0,0,0
525,LKB,Lakhimpur Urban Cooperative Bank Ltd,16405,0.0000,0,0,0
526,CBM,The Co-op Bank of Mehsana Ltd,16304,0.0000,0,0,0
527,CUC,CHITTORGARH URBAN CO OPERATIVE BANK LTD,16116,0.0000,0,0,0
528,VES,Veerashaiva Sahakari Bank Ltd,16081,0.0000,0,0,0
529,MSN,MAHARASHTRA NAGARI SAHAKARI BANK MARYADIT LATUR,15957,0.0000,0,0,0
530,NDB,The Naval Dockyard Co-operative Bank,15767,0.0000,0,0,0
531,FCB,The Financial Co Operative Bank Ltd,15729,0.0000,0,0,0
532,HSC,The Haryana State Co-operative Apex Bank Ltd,15691,0.0000,0,0,0
533,WBS,WBS,15690,0.0000,0,0,0
534,MDN,The Mandvi Nagrik Sahakari Bank Ltd,15677,0.0000,0,0,0
535,VVB,The Vallabh Vidyanagar Commercial Co-Operative Bank Ltd,15664,0.0000,0,0,0
536,MCB,The Mahaveer Co operative Bank LTD,15532,0.0190,3,3,0
537,SSC,Sanmitra Mahila Nagari Sahakari Bank Maryadit Chandrapur,15426,0.0000,0,0,0
538,IPS,Indore Paraspar Sahakari bank Ltd,14751,0.0000,0,0,0
539,SDH,Shree Dharati Co-Operative Bank Ltd,14475,0.0000,0,0,0
540,SMO,Shree Mahesh Co-Operative Bank Ltd,14435,0.0000,0,0,0
541,BHY,The Bhagyodaya Co-Operative Bank Ltd,14433,0.0000,0,0,0
542,GAN,THE GANDHIDHAM CO OPERATIVE BANK LTD,14284,0.0000,0,0,0
543,WNS,Wana Nagrik Sahakari Bank Ltd,14196,0.0000,0,0,0
544,PNC,Punjab National Bank Credit Card,14116,0.0710,10,10,0
545,AMO,The Anand Mercantile Co-Op Bank Ltd,14070,0.0000,0,0,0
546,ASX,The Agrasen Nagari Sahakari Bank Ltd,13993,0.0000,0,0,0
547,DEU,DEUTSCHE BANK,13816,0.0070,1,0,1
548,MEH,The Mehsana Nagarik Sahakari Bank Ltd,13356,0.0000,0,0,0
549,BUN,SHREE BALAJI URBAN CO OPERATIVE BANK LTD,13345,0.0070,1,0,1
550,NRD,THE NARODA NAGRIK CO OPERATIVE BANK LTD,13272,0.0000,0,0,0
551,NMV,Nagarik Sahakari Bank Maryadit,12996,0.0000,0,0,0
552,ISB,Indraprastha Sehkari Bank Ltd,12970,0.0000,0,0,0
553,SHG,SHRI CHATRAPATI SHIVAJI MAHARAJ SAHAKARI BANK NIYAMITH,12908,0.0000,0,0,0
554,SUS,Sadalga Urban Souharda Sahakari Bank Niyamit,12844,0.0000,0,0,0
555,KPL,THE KOPARGAON PEOPLES CO-OP BANK LTD,12384,0.0000,0,0,0
556,SNV,SARAKARI NAUKARARA SAHAKARI BANK NIYAMAT VIJAYAPUR,12182,0.0000,0,0,0
557,GMC,THE GANDHIDHAM MERCANTILE CO-OPERATIVE BANK LTD,11983,0.0000,0,0,0
558,KGG,Baroda UP Bank Erstwhile Kashi Gomti Samyut Gramin Bank,11531,0.0000,0,0,0
559,CBC,Canara Bank Credit Card,11520,0.0000,0,0,0
560,KHT,The Khattri Cooperative Urban Bank Limited,11155,0.0000,0,0,0
561,CHS,The Chitnavispura Sahakari Bank Ltd,10791,0.0000,0,0,0
562,HDD,HDD,10711,0.0000,0,0,0
563,SGC,Sri Gokarnanath Co-Operative Bank Ltd,10702,0.0000,0,0,0
564,VCB,The Vaish Co operative New Bank Ltd,10530,0.0000,0,0,0
565,IPP,ICICI Bank Pockets IPP,10291,0.0000,0,0,0
566,RAC,RAJLAXMI URBAN CO OPERATIVE BANK LTD,10162,0.0000,0,0,0
567,CBL,CSB Bank Limited CBL,10134,0.0000,0,0,0
568,PSC,The Punjab State Cooperative Bank Ltd,9997,0.0000,0,0,0
569,IDA,The Idar Nagrik Sahakari Bank Limited,9718,0.0100,1,1,0
570,HSM,HAVELI SAHAKARI BANK MARYADIT MOSHI,9553,0.0000,0,0,0
571,VMN,Vasundhara Mahila Nagari Sahakari Bank Ltd Ambejogai,9521,0.0110,1,0,1
572,HSL,HSL,9497,0.0000,0,0,0
573,UUL,UMIYA URBAN CO OPERATIVE BANK LTD,9453,0.0000,0,0,0
574,CCB,The Commercial Co-operative Bank Ltd,9419,0.0000,0,0,0
575,AZP,THE AMRAVATI ZILLA PARISHAD SHIKSHAK SAHAKARI BANK,9403,0.0000,0,0,0
576,SMN,SHREE MAHUVA NAGRIK SAHAKARI BANK LTD,9269,0.0000,0,0,0
577,HCD,HDFC Bank Credit Card HCD,9238,0.0000,0,0,0
578,BNL,BALASINOR NAGARIK SAHAKARI BANK LTD,9218,0.0000,0,0,0
579,SSN,Sardar Singh Nagrik Sahkari Bank Maryadit,9027,0.0000,0,0,0
580,BRB,BRAMHAPURI URBAN CO OPERATIVE BANK LTD,8999,0.0000,0,0,0
581,GCL,The Goa Urban Co-Operative Bank Ltd,8970,0.0110,1,1,0
582,GCB,The Gandhinagar Urban Coop Bank Ltd,8809,0.0000,0,0,0
583,VGL,Vakrangee Ltd,8760,0.0000,0,0,0
584,MUO,The Muvattupuzha Urban Co-operative Bank,8614,0.0000,0,0,0
585,IKC,Ilkal Co-Operative Bank Ltd,8559,0.0000,0,0,0
586,TTB,Textile Traders Co-operative Bank Limited,8432,0.0120,1,0,1
587,BRD,The Bardoli Nagrik Sahakari bank Ltd,8403,0.0000,0,0,0
588,AMS,THE AMBIKA MAHILA SAHAKARI BANK LTD AHMEDNAGAR,8390,0.0000,0,0,0
589,VPC,The Veraval peoples Coop Bank Ltd,8337,0.0000,0,0,0
590,SHL,SHL,8312,0.0000,0,0,0
591,DUL,The Davangere Urban co op Bank ltd,8274,0.0000,0,0,0
592,BSL,THE Bavla Nagrik Sahakari Bank Ltd,8138,0.0000,0,0,0
593,NVS,NAVSARJAN INDUSTRIAL CO OPERATIVE BANK LTD,8112,0.0000,0,0,0
594,NPB,The Nadiad Peoples Co Op Bank Ltd,8030,0.0000,0,0,0
595,GUC,Godavari Urban Co-Operative Bank Ltd Nashik,7976,0.0000,0,0,0
596,BOA,Bank Of America NA,7970,0.0000,0,0,0
597,VSB,Vyapari Sahakari Bank Maryadit Solapur,7915,0.0000,0,0,0
598,REC,The Railway Employees Cooperative Bank Ltd,7889,0.0000,0,0,0
599,RNJ,The Ranuj Nagrik Sahakari Bank Ltd,7877,0.0000,0,0,0
600,SMR,SAMRUDDHI COOPERATIVE BANK LTD NAGPUR,7706,0.0000,0,0,0
601,SCN,SHRI CHHANI NAGRIK SAHKARI BANK LTD,7671,0.0000,0,0,0
602,RUM,THE RAIPUR URBAN MERCANTILE CO OP BANK LTD,7255,0.0000,0,0,0
603,UBC,Union Bank Credit Card,7209,0.0000,0,0,0
604,TMM,TMM,7189,0.0000,0,0,0
605,SRL,Shri Rukmini Sahakari Bank Ltd,7165,0.0000,0,0,0
606,VIR,VIKRAMADITYA NAGRIK SAHAKARI BANK,7052,0.0000,0,0,0
607,LPC,The Lunawada peoples Cooperative Bank Ltd,7014,0.0000,0,0,0
608,SSE,Sri Seetharaghava souharda Sahakara Bank Niyamitha,6966,0.0140,1,0,1
609,MCT,MOTI URBAN CO-OPERATIVE BANK LTD TALODA,6953,0.0000,0,0,0
610,CMS,CHAITANYA MAHILA SAHAKARI BANK LTD VIJAYAPUR,6933,0.0000,0,0,0
611,SHV,Shree Vardhaman Sahakari Bank Ltd,6917,0.0000,0,0,0
612,YNS,Yeshwant Nagari Sahakari Bank Ltd,6889,0.0000,0,0,0
613,SGS,SRI GANAPATHI URBAN CO OP BANK LTD,6858,0.0000,0,0,0
614,KHC,Khardah Cooperative Bank Ltd,6503,0.0000,0,0,0
615,BKO,Balitikuri Co-Operative Bank Ltd,6452,0.0000,0,0,0
616,UUC,THE UMRETH URBAN CO OPERATIVE BANK LTD,6242,0.0000,0,0,0
617,MMM,MAHILA NAGRIK SAHAKARI BANK MARYADIT MAHASAMUND,6141,0.0000,0,0,0
618,SDT,SHRI D T PATIL CO-OPERATIVE BANK LTD CHIKODI,6133,0.0000,0,0,0
619,DSN,Daivadnya Sahakara Bank Niyamit,6017,0.0000,0,0,0
620,NML,Nandurbar Merchants Co-operative Bank Ltd,5966,0.0000,0,0,0
621,FBC,Federal Bank Credit Card FBC,5804,0.0000,0,0,0
622,MIE,THE MAKARPURA INDUSTRIAL ESTATE COOP BANK LTD,5782,0.0000,0,0,0
623,SBR,Shree Basaveshwar Urban Co operative Bank Ltd,5770,0.0000,0,0,0
624,CMC,The Chandwad Merchants Co-operative Bank Ltd,5737,0.0000,0,0,0
625,NJC,NJC,5720,0.0170,1,0,1
626,APT,Appnit Technologies Private Limited,5668,0.0000,0,0,0
627,SSO,Saraswat Co-operative Bank Credit Card,5470,0.0000,0,0,0
628,HUB,Hadagali Urban Co-operative Bank Limited Hadagali,5433,0.0000,0,0,0
629,SHR,Sri Rama Co-Operative Bank Limited,5432,0.0000,0,0,0
630,ANN,Shri Anand Nagari Sahakari Bank Limited,5431,0.0000,0,0,0
631,VYA,VYAVSAYIK SAHKARI BANK LTD,5389,0.0000,0,0,0
632,MMA,The Maharashtra Mantralaya Co operative Bank Ltd,5330,0.0000,0,0,0
633,SBF,SBF,5314,0.0190,1,1,0
634,AMR,AMRELI NAGARIK SAHAKARI BANK LTD,5191,0.0000,0,0,0
635,GUJ,GUJARAT AMBUJA CO OPERATIVE BANK LTD,5030,0.0000,0,0,0
636,KOT,KOT,4964,0.0000,0,0,0
637,NRP,NORTHERN RAILWAY PRIMARY COOPERATIVE BANK,4946,0.0200,1,1,0
638,DUR,DUR,4894,0.0000,0,0,0
639,TGM,The Grain Merchants Co-operative Bank Ltd,4744,0.0000,0,0,0
640,BNB,Betul Nagrik Sahakari Bank Mydt,4693,0.0000,0,0,0
641,SUC,Shriram Urban Co-operative Bank Ltd,4633,0.0000,0,0,0
642,MSC,M S Co-Operative Bank Limited,4470,0.0000,0,0,0
643,IOC,IOC,4361,0.0000,0,0,0
644,YBP,YES BANK PPI,4128,0.0000,0,0,0
645,UNB,UNJHA NAGARIK SAHAKARI BANK LTD,3956,0.0000,0,0,0
646,ASC,AU Small Finance Bank Credit Card,3862,0.0000,0,0,0
647,DMS,SHRI DURGADEVI MAHILA SAHAKARI BANK NIYAMITH,3857,0.0000,0,0,0
648,SLK,SHRI LAXMIKRUPA URBAN CO OPERATIVE BANK LTD PUNE,3673,0.0000,0,0,0
649,PNM,THE PANCHSHEEL MERCANTILE CO-OP BANK LTD,3635,0.0000,0,0,0
650,PAA,The Pioneer Urban Co-Operative Bank Ltd,3631,0.0000,0,0,0
651,ICM,INDORE CLOTH MARKET CO OPERATIVE BANK LTD,3580,0.0000,0,0,0
652,AMA,Aman Sahakari Bank Ltd,3187,0.0000,0,0,0
653,ARR,THE AP RAJARAJESWARI MAHILA CO OP URBAN BANK LTD,2968,0.0000,0,0,0
654,NSB,NYAYAMITRA SAHAKARI BANK NIYAMITA,2930,0.0000,0,0,0
655,TCO,Teachers Co Operative Bank Ltd,2924,0.0000,0,0,0
656,SBE,THE SANTRAMPUR URBAN CO OP BANK LTD,2924,0.0000,0,0,0
657,RPC,The Rander Peoples Coop Bank Ltd,2831,0.0350,1,1,0
658,RBC,RBL Bank Limited Credit Card,2789,0.1080,3,0,3
659,MLC,THE MERCHANTS LIBERAL COOPERATIVE BANK LTD GADAG,2743,0.0000,0,0,0
660,AUL,The Ankola Urban CoOperative Bank Ltd,2722,0.0000,0,0,0
661,SBA,SBM BANK INDIA LIMITED SBA,2685,0.0000,0,0,0
662,MBT,MERCHANTS CO OPERATIVE BANK LTD TIPTUR,2528,0.0000,0,0,0
663,UCB,UMA CO OPERATIVE BANK LTD,2522,0.0000,0,0,0
664,GCC,The Godhra City Co-operative Bank Ltd,2514,0.0000,0,0,0
665,YLN,The Yadagiri Lakshmi Narasimha Swamy Co-Op Urban Bank Ltd,2461,0.0000,0,0,0
666,SOB,The Sarangpur Co-Operative Bank Ltd,2439,0.0000,0,0,0
667,MUL,MUL,2043,0.0490,1,0,1
668,PDU,Peoples Co-operative Bank Ltd Dholka,1994,0.0000,0,0,0
669,SMA,Smart Payment Solutions Pvt Ltd,1824,0.0000,0,0,0
670,MMS,The Mumbai Mahanagarpalika Shikshan Vibhag Sahakari Bank Ltd,1802,0.0000,0,0,0
671,ACE,ACE Cooperative Bank Ltd,1689,0.0000,0,0,0
672,UMP,Unimoni Financial Service Pvt Ltd,1632,0.0000,0,0,0
673,AGB,Agroha Cooperative Urban Bank Ltd,1589,0.0630,1,0,1
674,GSB,GSB,1586,0.0000,0,0,0
675,PSS,Prathamik Shikshak Sahakari Bank Ltd Satara,1535,0.0000,0,0,0
676,STC,STC,1432,0.0000,0,0,0
677,VAB,Vyaparik Audhyogik Sahakari Bank ltd,1427,0.0000,0,0,0
678,KTL,Karnataka Bank Ltd Credit Line,1348,0.0000,0,0,0
679,BAS,BASODA NAGRIK SAHKARI BANK LTD,1333,0.0000,0,0,0
680,LEC,LIC Employees Co-operative Bank Ltd,1328,0.0750,1,1,0
681,STS,STS,1316,0.0000,0,0,0
682,KML,Krishna Mercantile Co-op Bank Ltd,1235,0.0000,0,0,0
683,BOJ,BOJ,1217,0.0000,0,0,0
684,IBC,Indian Bank Credit Card,1141,0.0000,0,0,0
685,AZA,The Azad Coop Bank Ltd Gadag,1085,0.0000,0,0,0
686,DVS,DHULE VIKAS SAHAKARI BANK LTD,1023,0.0980,1,0,1
687,SHA,SHA,1002,0.0000,0,0,0
688,EBI,EBIX PAYMENT SERVICES PRIVATE LIMITED,906,0.0000,0,0,0
689,UTS,THE UTTARSANDA PEOPLES COOP BANK LTD,862,0.0000,0,0,0
690,NIB,NIB,784,0.0000,0,0,0
691,SNL,SNL,760,0.0000,0,0,0
692,DBK,DEVELOPMENT CO OPERATIVE BANK LTD KANPUR,745,0.0000,0,0,0
693,IBD,Indian Bank CC,714,0.0000,0,0,0
694,RBE,RESERVE BANK EMPLOYEES COOPERATIVE BANK LIMITED,670,0.0000,0,0,0
695,SHN,Shramik Nagrik Sahkari Bank Ltd,668,0.0000,0,0,0
696,ECU,ECU,661,0.0000,0,0,0
697,NID,NID,571,0.0000,0,0,0
698,ITB,ITB,504,0.0000,0,0,0
699,AMM,Astha Mahila Nagrik Sahakari Bank Maryadit,494,0.0000,0,0,0
700,OBP,OBOPAY MOBILE TECHNOLOGY INDIA PVT LTD,490,0.0000,0,0,0
701,BCL,Bank of Baroda Credit Line,483,0.0000,0,0,0
702,UCC,City Union Bank Limited Credit Card,355,0.0000,0,0,0
703,PPP,PAYU PAYMENTS PRIVATE LIMITED,281,0.0000,0,0,0
704,UBL,City Union Bank Limited Credit Line,244,0.0000,0,0,0
705,HML,HML,229,0.0000,0,0,0
706,MPF,MobilePe Fintech Private Limited,185,0.0000,0,0,0
707,KCL,KCL,183,0.0000,0,0,0
708,FPL,FPL,181,0.0000,0,0,0
709,TGC,TGC,138,0.0000,0,0,0
710,CBN,CBN,111,0.0000,0,0,0
711,PLP,PINE LABS PRIVATE LIMITED,111,0.0000,0,0,0
712,AXP,Axis Bank Freecharge,87,0.0000,0,0,0
713,ARM,510 Army Base WS Credit Coop Primary Bank Ltd,64,0.0000,0,0,0
714,TCL,TCL,59,0.0000,0,0,0
715,FBB,FBB,58,0.0000,0,0,0
716,DTP,DTP,56,0.0000,0,0,0
717,PFP,Paul Merchants Finance Private Limited,56,0.0000,0,0,0
718,HCL,HDFC Bank Credit Line HCL,51,0.0000,0,0,0
719,NPC,NPC,45,4.4440,2,0,2
720,OTM,OTM,38,0.0000,0,0,0
721,CRL,CRL,38,0.0000,0,0,0
722,TCN,TCN,35,0.0000,0,0,0
723,SBS,State Bank of India Application,34,0.0000,0,0,0
724,TRA,Transaction Analysts India Pvt Ltd,32,0.0000,0,0,0
725,AUC,ARIHANT URBAN COOPERATIVE BANK LTD,27,0.0000,0,0,0
726,IBA,Indian Bank Credit Line,26,0.0000,0,0,0
727,HDS,HDFC Secondary Market Org,21,0.0000,0,0,0
728,ESF,ESAF SMALL FINANCE BANK LIMITED Credit Card,16,0.0000,0,0,0
729,SUA,SUA,13,0.0000,0,0,0
730,BMI,BANK OF MAURITIUS,11,0.0000,0,0,0
731,EZE,DCB Bank Ezetap,8,0.0000,0,0,0
732,NEH,NEH,8,0.0000,0,0,0
733,HCA,HDFC Bank Credit Card,5,0.0000,0,0,0
734,ICP,Phone Pe ICICI,5,0.0000,0,0,0
735,YSC,YSC,4,0.0000,0,0,0
736,ICB,ICICI UPI CBDC,3,0.0000,0,0,0
737,HCN,HDFC Bank Credit Line HCN,2,0.0000,0,0,0
738,TML,Tamilnad Mercantile Bank Limited TML,1,0.0000,0,0,0
739,FSF,AU Small Finance Bank Erstwhile Fincare,1,0.0000,0,0,0
740,HCM,HDFC Bank Credit Line HCM,1,0.0000,0,0,0
741,CCU,CCU,1,0.0000,0,0,0
742,FIN,FINO PAYMENTS BANK,1,0.0000,0,0,0
743,GPI,GIPL Slice,1,0.0000,0,0,0
744,HNM,HDFC Bank New Mobile,1,0.0000,0,0,0
745,YBJ,YES BANK JUSPAY YBJ,1,0.0000,0,0,0
746,HCO,HDFC Bank Credit Line HCO,1,0.0000,0,0,0
747,AXT,AXIS BANK OCL,1,0.0000,0,0,0
748,FFI,Federal Bank Ltd Fi,1,0.0000,0,0,0
